"Experiment Accession","Experiment Title","Organism Name","Instrument","Submitter","Study Accession","Study Title","Sample Accession","Sample Title","Total Size, Mb","Total RUNs","Total Spots","Total Bases","Library Name","Library Strategy","Library Source","Library Selection"
"SRX757980","HIV resisttance in seroconverters from Partners PrEP: Sample 9-327_SC+1","Human immunodeficiency virus 1","454 GS Junior","Fred Hutchinson Cancer Research Center","SRP049715","Human immunodeficiency virus 1 Targeted Locus (Loci)","SRS743127","","0.6","1","2083","1066357","3174403","AMPLICON","VIRAL RNA","RT-PCR"
"SRX757979","HIV resisttance in seroconverters from Partners PrEP: Sample 9-321_SC+1","Human immunodeficiency virus 1","454 GS Junior","Fred Hutchinson Cancer Research Center","SRP049715","Human immunodeficiency virus 1 Targeted Locus (Loci)","SRS743126","","0.79","1","2939","1455685","3174402","AMPLICON","VIRAL RNA","RT-PCR"
"SRX757978","HIV resisttance in seroconverters from Partners PrEP: Sample 9-316_SC+1","Human immunodeficiency virus 1","454 GS Junior","Fred Hutchinson Cancer Research Center","SRP049715","Human immunodeficiency virus 1 Targeted Locus (Loci)","SRS743122","","1","1","3686","1838488","3174401","AMPLICON","VIRAL RNA","RT-PCR"
"SRX757977","HIV resisttance in seroconverters from Partners PrEP: Sample 8-289_SC+3","Human immunodeficiency virus 1","454 GS Junior","Fred Hutchinson Cancer Research Center","SRP049715","Human immunodeficiency virus 1 Targeted Locus (Loci)","SRS743123","","0.71","1","2849","1405108","3174400","AMPLICON","VIRAL RNA","RT-PCR"
"SRX757976","HIV resisttance in seroconverters from Partners PrEP: Sample 8-272_SC+1","Human immunodeficiency virus 1","454 GS Junior","Fred Hutchinson Cancer Research Center","SRP049715","Human immunodeficiency virus 1 Targeted Locus (Loci)","SRS743124","","0.88","1","2964","1538935","3174399","AMPLICON","VIRAL RNA","RT-PCR"
"SRX757975","HIV resisttance in seroconverters from Partners PrEP: Sample 8-272_SC","Human immunodeficiency virus 1","454 GS Junior","Fred Hutchinson Cancer Research Center","SRP049715","Human immunodeficiency virus 1 Targeted Locus (Loci)","SRS743125","","0.85","1","3145","1621538","3174398","AMPLICON","VIRAL RNA","RT-PCR"
"SRX757974","HIV resisttance in seroconverters from Partners PrEP: Sample 8-267_SC+1","Human immunodeficiency virus 1","454 GS Junior","Fred Hutchinson Cancer Research Center","SRP049715","Human immunodeficiency virus 1 Targeted Locus (Loci)","SRS743121","","0.94","1","3351","1719952","3174397","AMPLICON","VIRAL RNA","RT-PCR"
"SRX757973","HIV resisttance in seroconverters from Partners PrEP: Sample 8-267_SC","Human immunodeficiency virus 1","454 GS Junior","Fred Hutchinson Cancer Research Center","SRP049715","Human immunodeficiency virus 1 Targeted Locus (Loci)","SRS743119","","0.86","1","3265","1675883","3174396","AMPLICON","VIRAL RNA","RT-PCR"
"SRX757972","HIV resisttance in seroconverters from Partners PrEP: Sample 8-258_SC+1","Human immunodeficiency virus 1","454 GS Junior","Fred Hutchinson Cancer Research Center","SRP049715","Human immunodeficiency virus 1 Targeted Locus (Loci)","SRS743120","","0.89","1","3135","1579196","3174395","AMPLICON","VIRAL RNA","RT-PCR"
"SRX757971","HIV resisttance in seroconverters from Partners PrEP: Sample 8-258_SC","Human immunodeficiency virus 1","454 GS Junior","Fred Hutchinson Cancer Research Center","SRP049715","Human immunodeficiency virus 1 Targeted Locus (Loci)","SRS743117","","0.73","1","2704","1363631","3174394","AMPLICON","VIRAL RNA","RT-PCR"
"SRX757970","HIV resisttance in seroconverters from Partners PrEP: Sample 8-254_SC+1","Human immunodeficiency virus 1","454 GS Junior","Fred Hutchinson Cancer Research Center","SRP049715","Human immunodeficiency virus 1 Targeted Locus (Loci)","SRS743118","","0.93","1","3388","1704713","3174393","AMPLICON","VIRAL RNA","RT-PCR"
"SRX757969","HIV resisttance in seroconverters from Partners PrEP: Sample 8-254_SC","Human immunodeficiency virus 1","454 GS Junior","Fred Hutchinson Cancer Research Center","SRP049715","Human immunodeficiency virus 1 Targeted Locus (Loci)","SRS743116","","0.97","1","4026","2039695","3174392","AMPLICON","VIRAL RNA","RT-PCR"
"SRX757968","HIV resisttance in seroconverters from Partners PrEP: Sample 8-217_SC+1","Human immunodeficiency virus 1","454 GS Junior","Fred Hutchinson Cancer Research Center","SRP049715","Human immunodeficiency virus 1 Targeted Locus (Loci)","SRS743115","","1.04","1","4257","2117077","3174391","AMPLICON","VIRAL RNA","RT-PCR"
"SRX757967","HIV resisttance in seroconverters from Partners PrEP: Sample 8-217_SC","Human immunodeficiency virus 1","454 GS Junior","Fred Hutchinson Cancer Research Center","SRP049715","Human immunodeficiency virus 1 Targeted Locus (Loci)","SRS743113","","0.94","1","3772","1883508","3174390","AMPLICON","VIRAL RNA","RT-PCR"
"SRX757966","HIV resisttance in seroconverters from Partners PrEP: Sample 7-327_SC+1","Human immunodeficiency virus 1","454 GS Junior","Fred Hutchinson Cancer Research Center","SRP049715","Human immunodeficiency virus 1 Targeted Locus (Loci)","SRS743114","","0.78","1","2957","1458366","3174389","AMPLICON","VIRAL RNA","RT-PCR"
"SRX757965","HIV resisttance in seroconverters from Partners PrEP: Sample 7-327_SC","Human immunodeficiency virus 1","454 GS Junior","Fred Hutchinson Cancer Research Center","SRP049715","Human immunodeficiency virus 1 Targeted Locus (Loci)","SRS743112","","0.89","1","3591","1766284","3174388","AMPLICON","VIRAL RNA","RT-PCR"
"SRX757964","HIV resisttance in seroconverters from Partners PrEP: Sample 7-315_SC+1","Human immunodeficiency virus 1","454 GS Junior","Fred Hutchinson Cancer Research Center","SRP049715","Human immunodeficiency virus 1 Targeted Locus (Loci)","SRS743111","","0.76","1","2800","1415392","3174387","AMPLICON","VIRAL RNA","RT-PCR"
"SRX757963","HIV resisttance in seroconverters from Partners PrEP: Sample 7-315_SC","Human immunodeficiency virus 1","454 GS Junior","Fred Hutchinson Cancer Research Center","SRP049715","Human immunodeficiency virus 1 Targeted Locus (Loci)","SRS743110","","0.96","1","3832","1933734","3174386","AMPLICON","VIRAL RNA","RT-PCR"
"SRX757962","HIV resisttance in seroconverters from Partners PrEP: Sample 7-249_SC+1","Human immunodeficiency virus 1","454 GS Junior","Fred Hutchinson Cancer Research Center","SRP049715","Human immunodeficiency virus 1 Targeted Locus (Loci)","SRS743109","","0.81","1","2948","1486313","3174385","AMPLICON","VIRAL RNA","RT-PCR"
"SRX757961","HIV resisttance in seroconverters from Partners PrEP: Sample 7-249_SC","Human immunodeficiency virus 1","454 GS Junior","Fred Hutchinson Cancer Research Center","SRP049715","Human immunodeficiency virus 1 Targeted Locus (Loci)","SRS743108","","0.52","1","1894","955296","3174384","AMPLICON","VIRAL RNA","RT-PCR"
"SRX757960","HIV resisttance in seroconverters from Partners PrEP: Sample 6-360_SC+1","Human immunodeficiency virus 1","454 GS Junior","Fred Hutchinson Cancer Research Center","SRP049715","Human immunodeficiency virus 1 Targeted Locus (Loci)","SRS743107","","1.03","1","3695","1893000","3174383","AMPLICON","VIRAL RNA","RT-PCR"
"SRX757959","HIV resisttance in seroconverters from Partners PrEP: Sample 6-360_SC","Human immunodeficiency virus 1","454 GS Junior","Fred Hutchinson Cancer Research Center","SRP049715","Human immunodeficiency virus 1 Targeted Locus (Loci)","SRS743106","","0.92","1","3223","1656681","3174382","AMPLICON","VIRAL RNA","RT-PCR"
"SRX757958","HIV resisttance in seroconverters from Partners PrEP: Sample 6-356_SC+1","Human immunodeficiency virus 1","454 GS Junior","Fred Hutchinson Cancer Research Center","SRP049715","Human immunodeficiency virus 1 Targeted Locus (Loci)","SRS743105","","0.82","1","2952","1523190","3174381","AMPLICON","VIRAL RNA","RT-PCR"
"SRX757957","HIV resisttance in seroconverters from Partners PrEP: Sample 6-356_SC","Human immunodeficiency virus 1","454 GS Junior","Fred Hutchinson Cancer Research Center","SRP049715","Human immunodeficiency virus 1 Targeted Locus (Loci)","SRS743104","","1.02","1","3582","1855971","3174380","AMPLICON","VIRAL RNA","RT-PCR"
"SRX757956","HIV resisttance in seroconverters from Partners PrEP: Sample 6-327_SC+1","Human immunodeficiency virus 1","454 GS Junior","Fred Hutchinson Cancer Research Center","SRP049715","Human immunodeficiency virus 1 Targeted Locus (Loci)","SRS743103","","0.86","1","3381","1683814","3174379","AMPLICON","VIRAL RNA","RT-PCR"
"SRX757955","HIV resisttance in seroconverters from Partners PrEP: Sample 6-327_SC","Human immunodeficiency virus 1","454 GS Junior","Fred Hutchinson Cancer Research Center","SRP049715","Human immunodeficiency virus 1 Targeted Locus (Loci)","SRS743102","","0.79","1","3006","1497320","3174378","AMPLICON","VIRAL RNA","RT-PCR"
"SRX757954","HIV resisttance in seroconverters from Partners PrEP: Sample 6-323_SC+1","Human immunodeficiency virus 1","454 GS Junior","Fred Hutchinson Cancer Research Center","SRP049715","Human immunodeficiency virus 1 Targeted Locus (Loci)","SRS743101","","1.14","1","4406","2198271","3174377","AMPLICON","VIRAL RNA","RT-PCR"
"SRX757953","HIV resisttance in seroconverters from Partners PrEP: Sample 6-323_SC","Human immunodeficiency virus 1","454 GS Junior","Fred Hutchinson Cancer Research Center","SRP049715","Human immunodeficiency virus 1 Targeted Locus (Loci)","SRS743100","","1.02","1","3921","1959499","3174376","AMPLICON","VIRAL RNA","RT-PCR"
"SRX757952","HIV resisttance in seroconverters from Partners PrEP: Sample 6-319_SC+1","Human immunodeficiency virus 1","454 GS Junior","Fred Hutchinson Cancer Research Center","SRP049715","Human immunodeficiency virus 1 Targeted Locus (Loci)","SRS743099","","1.1","1","4793","2414394","3174375","AMPLICON","VIRAL RNA","RT-PCR"
"SRX757951","HIV resisttance in seroconverters from Partners PrEP: Sample 6-319_SC","Human immunodeficiency virus 1","454 GS Junior","Fred Hutchinson Cancer Research Center","SRP049715","Human immunodeficiency virus 1 Targeted Locus (Loci)","SRS743098","","0.87","1","3509","1757343","3174374","AMPLICON","VIRAL RNA","RT-PCR"
"SRX757950","HIV resisttance in seroconverters from Partners PrEP: Sample 6-315_SC+1","Human immunodeficiency virus 1","454 GS Junior","Fred Hutchinson Cancer Research Center","SRP049715","Human immunodeficiency virus 1 Targeted Locus (Loci)","SRS743097","","0.83","1","3239","1613483","3174373","AMPLICON","VIRAL RNA","RT-PCR"
"SRX757949","HIV resisttance in seroconverters from Partners PrEP: Sample 6-315_SC","Human immunodeficiency virus 1","454 GS Junior","Fred Hutchinson Cancer Research Center","SRP049715","Human immunodeficiency virus 1 Targeted Locus (Loci)","SRS743096","","0.97","1","3756","1878824","3174372","AMPLICON","VIRAL RNA","RT-PCR"
"SRX757948","HIV resisttance in seroconverters from Partners PrEP: Sample 6-307_SC+1","Human immunodeficiency virus 1","454 GS Junior","Fred Hutchinson Cancer Research Center","SRP049715","Human immunodeficiency virus 1 Targeted Locus (Loci)","SRS743092","","0.91","1","3413","1732824","3174371","AMPLICON","VIRAL RNA","RT-PCR"
"SRX757947","HIV resisttance in seroconverters from Partners PrEP: Sample 6-307_SC","Human immunodeficiency virus 1","454 GS Junior","Fred Hutchinson Cancer Research Center","SRP049715","Human immunodeficiency virus 1 Targeted Locus (Loci)","SRS743094","","0.73","1","2699","1369949","3174370","AMPLICON","VIRAL RNA","RT-PCR"
"SRX757946","HIV resisttance in seroconverters from Partners PrEP: Sample 6-304_SC+1","Human immunodeficiency virus 1","454 GS Junior","Fred Hutchinson Cancer Research Center","SRP049715","Human immunodeficiency virus 1 Targeted Locus (Loci)","SRS743095","","0.78","1","3157","1551916","3174369","AMPLICON","VIRAL RNA","RT-PCR"
"SRX757945","HIV resisttance in seroconverters from Partners PrEP: Sample 6-304_SC","Human immunodeficiency virus 1","454 GS Junior","Fred Hutchinson Cancer Research Center","SRP049715","Human immunodeficiency virus 1 Targeted Locus (Loci)","SRS743093","","0.85","1","3358","1649898","3174368","AMPLICON","VIRAL RNA","RT-PCR"
"SRX757944","HIV resisttance in seroconverters from Partners PrEP: Sample 6-303_SC+1","Human immunodeficiency virus 1","454 GS Junior","Fred Hutchinson Cancer Research Center","SRP049715","Human immunodeficiency virus 1 Targeted Locus (Loci)","SRS743091","","0.68","1","2636","1317862","3174367","AMPLICON","VIRAL RNA","RT-PCR"
"SRX757943","HIV resisttance in seroconverters from Partners PrEP: Sample 6-303_SC","Human immunodeficiency virus 1","454 GS Junior","Fred Hutchinson Cancer Research Center","SRP049715","Human immunodeficiency virus 1 Targeted Locus (Loci)","SRS743090","","0.66","1","2479","1244393","3174366","AMPLICON","VIRAL RNA","RT-PCR"
"SRX757942","HIV resisttance in seroconverters from Partners PrEP: Sample 6-299_SC+1","Human immunodeficiency virus 1","454 GS Junior","Fred Hutchinson Cancer Research Center","SRP049715","Human immunodeficiency virus 1 Targeted Locus (Loci)","SRS743089","","0.81","1","2749","1437379","3174365","AMPLICON","VIRAL RNA","RT-PCR"
"SRX757941","HIV resisttance in seroconverters from Partners PrEP: Sample 6-299_SC","Human immunodeficiency virus 1","454 GS Junior","Fred Hutchinson Cancer Research Center","SRP049715","Human immunodeficiency virus 1 Targeted Locus (Loci)","SRS743088","","0.79","1","2685","1415382","3174364","AMPLICON","VIRAL RNA","RT-PCR"
"SRX757940","HIV resisttance in seroconverters from Partners PrEP: Sample 6-295_SC+1","Human immunodeficiency virus 1","454 GS Junior","Fred Hutchinson Cancer Research Center","SRP049715","Human immunodeficiency virus 1 Targeted Locus (Loci)","SRS743087","","0.91","1","3110","1599391","3174363","AMPLICON","VIRAL RNA","RT-PCR"
"SRX757939","HIV resisttance in seroconverters from Partners PrEP: Sample 6-295_SC","Human immunodeficiency virus 1","454 GS Junior","Fred Hutchinson Cancer Research Center","SRP049715","Human immunodeficiency virus 1 Targeted Locus (Loci)","SRS743086","","0.68","1","2391","1236343","3174362","AMPLICON","VIRAL RNA","RT-PCR"
"SRX757938","HIV resisttance in seroconverters from Partners PrEP: Sample 6-291_SC+1","Human immunodeficiency virus 1","454 GS Junior","Fred Hutchinson Cancer Research Center","SRP049715","Human immunodeficiency virus 1 Targeted Locus (Loci)","SRS743084","","0.93","1","3581","1841923","3174361","AMPLICON","VIRAL RNA","RT-PCR"
"SRX757937","HIV resisttance in seroconverters from Partners PrEP: Sample 6-291_SC","Human immunodeficiency virus 1","454 GS Junior","Fred Hutchinson Cancer Research Center","SRP049715","Human immunodeficiency virus 1 Targeted Locus (Loci)","SRS743085","","0.65","1","2337","1208461","3174360","AMPLICON","VIRAL RNA","RT-PCR"
"SRX757936","HIV resisttance in seroconverters from Partners PrEP: Sample 6-287_SC+1","Human immunodeficiency virus 1","454 GS Junior","Fred Hutchinson Cancer Research Center","SRP049715","Human immunodeficiency virus 1 Targeted Locus (Loci)","SRS743083","","0.76","1","2916","1445416","3174359","AMPLICON","VIRAL RNA","RT-PCR"
"SRX757935","HIV resisttance in seroconverters from Partners PrEP: Sample 6-287_SC","Human immunodeficiency virus 1","454 GS Junior","Fred Hutchinson Cancer Research Center","SRP049715","Human immunodeficiency virus 1 Targeted Locus (Loci)","SRS743082","","0.75","1","2917","1442854","3174358","AMPLICON","VIRAL RNA","RT-PCR"
"SRX757934","HIV resisttance in seroconverters from Partners PrEP: Sample 6-283_SC+1","Human immunodeficiency virus 1","454 GS Junior","Fred Hutchinson Cancer Research Center","SRP049715","Human immunodeficiency virus 1 Targeted Locus (Loci)","SRS743081","","0.71","1","2805","1393002","3174357","AMPLICON","VIRAL RNA","RT-PCR"
"SRX757933","HIV resisttance in seroconverters from Partners PrEP: Sample 6-283_SC","Human immunodeficiency virus 1","454 GS Junior","Fred Hutchinson Cancer Research Center","SRP049715","Human immunodeficiency virus 1 Targeted Locus (Loci)","SRS743080","","0.6","1","2161","1074677","3174356","AMPLICON","VIRAL RNA","RT-PCR"
"SRX757932","HIV resisttance in seroconverters from Partners PrEP: Sample 6-279_SC+1","Human immunodeficiency virus 1","454 GS Junior","Fred Hutchinson Cancer Research Center","SRP049715","Human immunodeficiency virus 1 Targeted Locus (Loci)","SRS743079","","0.73","1","3073","1457200","3174355","AMPLICON","VIRAL RNA","RT-PCR"
"SRX757931","HIV resisttance in seroconverters from Partners PrEP: Sample 6-279_SC","Human immunodeficiency virus 1","454 GS Junior","Fred Hutchinson Cancer Research Center","SRP049715","Human immunodeficiency virus 1 Targeted Locus (Loci)","SRS743078","","0.62","1","2616","1228984","3174354","AMPLICON","VIRAL RNA","RT-PCR"
"SRX757930","HIV resisttance in seroconverters from Partners PrEP: Sample 6-275_SC+1","Human immunodeficiency virus 1","454 GS Junior","Fred Hutchinson Cancer Research Center","SRP049715","Human immunodeficiency virus 1 Targeted Locus (Loci)","SRS743077","","0.79","1","3105","1553752","3174353","AMPLICON","VIRAL RNA","RT-PCR"
"SRX757929","HIV resisttance in seroconverters from Partners PrEP: Sample 6-275_SC","Human immunodeficiency virus 1","454 GS Junior","Fred Hutchinson Cancer Research Center","SRP049715","Human immunodeficiency virus 1 Targeted Locus (Loci)","SRS743076","","0.75","1","2857","1422004","3174352","AMPLICON","VIRAL RNA","RT-PCR"
"SRX757928","HIV resisttance in seroconverters from Partners PrEP: Sample 6-265_SC+1","Human immunodeficiency virus 1","454 GS Junior","Fred Hutchinson Cancer Research Center","SRP049715","Human immunodeficiency virus 1 Targeted Locus (Loci)","SRS743074","","0.78","1","2895","1429869","3174351","AMPLICON","VIRAL RNA","RT-PCR"
"SRX757927","HIV resisttance in seroconverters from Partners PrEP: Sample 6-265_SC","Human immunodeficiency virus 1","454 GS Junior","Fred Hutchinson Cancer Research Center","SRP049715","Human immunodeficiency virus 1 Targeted Locus (Loci)","SRS743075","","0.69","1","2592","1279264","3174350","AMPLICON","VIRAL RNA","RT-PCR"
"SRX757926","HIV resisttance in seroconverters from Partners PrEP: Sample 6-261_SC+1","Human immunodeficiency virus 1","454 GS Junior","Fred Hutchinson Cancer Research Center","SRP049715","Human immunodeficiency virus 1 Targeted Locus (Loci)","SRS743073","","0.95","1","3526","1793000","3174349","AMPLICON","VIRAL RNA","RT-PCR"
"SRX757925","HIV resisttance in seroconverters from Partners PrEP: Sample 6-261_SC","Human immunodeficiency virus 1","454 GS Junior","Fred Hutchinson Cancer Research Center","SRP049715","Human immunodeficiency virus 1 Targeted Locus (Loci)","SRS743072","","0.67","1","2397","1217388","3174348","AMPLICON","VIRAL RNA","RT-PCR"
"SRX757924","HIV resisttance in seroconverters from Partners PrEP: Sample 6-257_SC+1","Human immunodeficiency virus 1","454 GS Junior","Fred Hutchinson Cancer Research Center","SRP049715","Human immunodeficiency virus 1 Targeted Locus (Loci)","SRS743071","","0.78","1","2913","1479706","3174347","AMPLICON","VIRAL RNA","RT-PCR"
"SRX757923","HIV resisttance in seroconverters from Partners PrEP: Sample 6-257_SC","Human immunodeficiency virus 1","454 GS Junior","Fred Hutchinson Cancer Research Center","SRP049715","Human immunodeficiency virus 1 Targeted Locus (Loci)","SRS743069","","0.76","1","2815","1426160","3174346","AMPLICON","VIRAL RNA","RT-PCR"
"SRX757922","HIV resisttance in seroconverters from Partners PrEP: Sample 6-253_SC+1","Human immunodeficiency virus 1","454 GS Junior","Fred Hutchinson Cancer Research Center","SRP049715","Human immunodeficiency virus 1 Targeted Locus (Loci)","SRS743070","","0.97","1","3998","1968974","3174345","AMPLICON","VIRAL RNA","RT-PCR"
"SRX757921","HIV resisttance in seroconverters from Partners PrEP: Sample 6-253_SC","Human immunodeficiency virus 1","454 GS Junior","Fred Hutchinson Cancer Research Center","SRP049715","Human immunodeficiency virus 1 Targeted Locus (Loci)","SRS743068","","0.71","1","2666","1318240","3174344","AMPLICON","VIRAL RNA","RT-PCR"
"SRX757920","HIV resisttance in seroconverters from Partners PrEP: Sample 6-249_SC+1","Human immunodeficiency virus 1","454 GS Junior","Fred Hutchinson Cancer Research Center","SRP049715","Human immunodeficiency virus 1 Targeted Locus (Loci)","SRS743067","","0.95","1","3555","1856685","3174343","AMPLICON","VIRAL RNA","RT-PCR"
"SRX757919","HIV resisttance in seroconverters from Partners PrEP: Sample 6-249_SC","Human immunodeficiency virus 1","454 GS Junior","Fred Hutchinson Cancer Research Center","SRP049715","Human immunodeficiency virus 1 Targeted Locus (Loci)","SRS743065","","0.87","1","3094","1616930","3174342","AMPLICON","VIRAL RNA","RT-PCR"
"SRX757918","HIV resisttance in seroconverters from Partners PrEP: Sample 6-245_SC+1","Human immunodeficiency virus 1","454 GS Junior","Fred Hutchinson Cancer Research Center","SRP049715","Human immunodeficiency virus 1 Targeted Locus (Loci)","SRS743066","","0.93","1","3361","1704300","3174341","AMPLICON","VIRAL RNA","RT-PCR"
"SRX757917","HIV resisttance in seroconverters from Partners PrEP: Sample 6-245_SC","Human immunodeficiency virus 1","454 GS Junior","Fred Hutchinson Cancer Research Center","SRP049715","Human immunodeficiency virus 1 Targeted Locus (Loci)","SRS743064","","0.67","1","2353","1197434","3174340","AMPLICON","VIRAL RNA","RT-PCR"
"SRX757916","HIV resisttance in seroconverters from Partners PrEP: Sample 6-244_SC+1","Human immunodeficiency virus 1","454 GS Junior","Fred Hutchinson Cancer Research Center","SRP049715","Human immunodeficiency virus 1 Targeted Locus (Loci)","SRS743063","","0.87","1","3327","1685348","3174339","AMPLICON","VIRAL RNA","RT-PCR"
"SRX757915","HIV resisttance in seroconverters from Partners PrEP: Sample 6-244_SC","Human immunodeficiency virus 1","454 GS Junior","Fred Hutchinson Cancer Research Center","SRP049715","Human immunodeficiency virus 1 Targeted Locus (Loci)","SRS743060","","0.86","1","3142","1588359","3174338","AMPLICON","VIRAL RNA","RT-PCR"
"SRX757914","HIV resisttance in seroconverters from Partners PrEP: Sample 6-233_SC+1","Human immunodeficiency virus 1","454 GS Junior","Fred Hutchinson Cancer Research Center","SRP049715","Human immunodeficiency virus 1 Targeted Locus (Loci)","SRS743062","","0.82","1","3064","1577629","3174337","AMPLICON","VIRAL RNA","RT-PCR"
"SRX757913","HIV resisttance in seroconverters from Partners PrEP: Sample 6-233_SC","Human immunodeficiency virus 1","454 GS Junior","Fred Hutchinson Cancer Research Center","SRP049715","Human immunodeficiency virus 1 Targeted Locus (Loci)","SRS743061","","0.89","1","3242","1670515","3174336","AMPLICON","VIRAL RNA","RT-PCR"
"SRX757912","HIV resisttance in seroconverters from Partners PrEP: Sample 6-229_SC+1","Human immunodeficiency virus 1","454 GS Junior","Fred Hutchinson Cancer Research Center","SRP049715","Human immunodeficiency virus 1 Targeted Locus (Loci)","SRS743058","","0.77","1","2944","1479165","3174335","AMPLICON","VIRAL RNA","RT-PCR"
"SRX757911","HIV resisttance in seroconverters from Partners PrEP: Sample 6-229_SC","Human immunodeficiency virus 1","454 GS Junior","Fred Hutchinson Cancer Research Center","SRP049715","Human immunodeficiency virus 1 Targeted Locus (Loci)","SRS743059","","0.88","1","3154","1580581","3174334","AMPLICON","VIRAL RNA","RT-PCR"
"SRX757910","HIV resisttance in seroconverters from Partners PrEP: Sample 6-225_SC+1","Human immunodeficiency virus 1","454 GS Junior","Fred Hutchinson Cancer Research Center","SRP049715","Human immunodeficiency virus 1 Targeted Locus (Loci)","SRS743057","","0.71","1","2762","1374407","3174333","AMPLICON","VIRAL RNA","RT-PCR"
"SRX757909","HIV resisttance in seroconverters from Partners PrEP: Sample 6-225_SC","Human immunodeficiency virus 1","454 GS Junior","Fred Hutchinson Cancer Research Center","SRP049715","Human immunodeficiency virus 1 Targeted Locus (Loci)","SRS743056","","0.86","1","3311","1649316","3174332","AMPLICON","VIRAL RNA","RT-PCR"
"SRX757908","HIV resisttance in seroconverters from Partners PrEP: Sample 6-221_SC+1","Human immunodeficiency virus 1","454 GS Junior","Fred Hutchinson Cancer Research Center","SRP049715","Human immunodeficiency virus 1 Targeted Locus (Loci)","SRS743055","","0.82","1","3115","1556146","3174331","AMPLICON","VIRAL RNA","RT-PCR"
"SRX757907","HIV resisttance in seroconverters from Partners PrEP: Sample 6-221_SC","Human immunodeficiency virus 1","454 GS Junior","Fred Hutchinson Cancer Research Center","SRP049715","Human immunodeficiency virus 1 Targeted Locus (Loci)","SRS743054","","0.76","1","2843","1411476","3174330","AMPLICON","VIRAL RNA","RT-PCR"
"SRX757906","HIV resisttance in seroconverters from Partners PrEP: Sample 6-217_SC+1","Human immunodeficiency virus 1","454 GS Junior","Fred Hutchinson Cancer Research Center","SRP049715","Human immunodeficiency virus 1 Targeted Locus (Loci)","SRS743052","","0.67","1","2449","1263677","3174329","AMPLICON","VIRAL RNA","RT-PCR"
"SRX757905","HIV resisttance in seroconverters from Partners PrEP: Sample 6-217_SC","Human immunodeficiency virus 1","454 GS Junior","Fred Hutchinson Cancer Research Center","SRP049715","Human immunodeficiency virus 1 Targeted Locus (Loci)","SRS743053","","0.77","1","2693","1395987","3174328","AMPLICON","VIRAL RNA","RT-PCR"
"SRX757904","HIV resisttance in seroconverters from Partners PrEP: Sample 6-213_SC+1","Human immunodeficiency virus 1","454 GS Junior","Fred Hutchinson Cancer Research Center","SRP049715","Human immunodeficiency virus 1 Targeted Locus (Loci)","SRS743051","","1.01","1","3822","1968123","3174327","AMPLICON","VIRAL RNA","RT-PCR"
"SRX757903","HIV resisttance in seroconverters from Partners PrEP: Sample 6-213_SC","Human immunodeficiency virus 1","454 GS Junior","Fred Hutchinson Cancer Research Center","SRP049715","Human immunodeficiency virus 1 Targeted Locus (Loci)","SRS743050","","0.79","1","2925","1519005","3174326","AMPLICON","VIRAL RNA","RT-PCR"
"SRX757902","HIV resisttance in seroconverters from Partners PrEP: Sample 6-209_SC+1","Human immunodeficiency virus 1","454 GS Junior","Fred Hutchinson Cancer Research Center","SRP049715","Human immunodeficiency virus 1 Targeted Locus (Loci)","SRS743049","","0.95","1","3491","1762115","3174325","AMPLICON","VIRAL RNA","RT-PCR"
"SRX757901","HIV resisttance in seroconverters from Partners PrEP: Sample 6-209_SC","Human immunodeficiency virus 1","454 GS Junior","Fred Hutchinson Cancer Research Center","SRP049715","Human immunodeficiency virus 1 Targeted Locus (Loci)","SRS743048","","0.85","1","3126","1594638","3174324","AMPLICON","VIRAL RNA","RT-PCR"
"SRX757900","HIV resisttance in seroconverters from Partners PrEP: Sample 6-205_SC+3","Human immunodeficiency virus 1","454 GS Junior","Fred Hutchinson Cancer Research Center","SRP049715","Human immunodeficiency virus 1 Targeted Locus (Loci)","SRS743047","","0.81","1","2975","1507031","3174323","AMPLICON","VIRAL RNA","RT-PCR"
"SRX757899","HIV resisttance in seroconverters from Partners PrEP: Sample 6-205_SC","Human immunodeficiency virus 1","454 GS Junior","Fred Hutchinson Cancer Research Center","SRP049715","Human immunodeficiency virus 1 Targeted Locus (Loci)","SRS743046","","0.79","1","2993","1513755","3174322","AMPLICON","VIRAL RNA","RT-PCR"
"SRX757898","HIV resisttance in seroconverters from Partners PrEP: Sample 5-339_SC+1","Human immunodeficiency virus 1","454 GS Junior","Fred Hutchinson Cancer Research Center","SRP049715","Human immunodeficiency virus 1 Targeted Locus (Loci)","SRS743045","","0.88","1","2942","1525066","3174321","AMPLICON","VIRAL RNA","RT-PCR"
"SRX757897","HIV resisttance in seroconverters from Partners PrEP: Sample 5-339_SC","Human immunodeficiency virus 1","454 GS Junior","Fred Hutchinson Cancer Research Center","SRP049715","Human immunodeficiency virus 1 Targeted Locus (Loci)","SRS743044","","1.14","1","4250","2201534","3174320","AMPLICON","VIRAL RNA","RT-PCR"
"SRX757896","HIV resisttance in seroconverters from Partners PrEP: Sample 5-335_SC+1","Human immunodeficiency virus 1","454 GS Junior","Fred Hutchinson Cancer Research Center","SRP049715","Human immunodeficiency virus 1 Targeted Locus (Loci)","SRS743042","","0.86","1","3176","1600203","3174319","AMPLICON","VIRAL RNA","RT-PCR"
"SRX757895","HIV resisttance in seroconverters from Partners PrEP: Sample 5-335_SC","Human immunodeficiency virus 1","454 GS Junior","Fred Hutchinson Cancer Research Center","SRP049715","Human immunodeficiency virus 1 Targeted Locus (Loci)","SRS743041","","1.26","1","4962","2495791","3174318","AMPLICON","VIRAL RNA","RT-PCR"
"SRX757894","HIV resisttance in seroconverters from Partners PrEP: Sample 5-331_SC+1","Human immunodeficiency virus 1","454 GS Junior","Fred Hutchinson Cancer Research Center","SRP049715","Human immunodeficiency virus 1 Targeted Locus (Loci)","SRS743040","","0.78","1","3089","1535589","3174317","AMPLICON","VIRAL RNA","RT-PCR"
"SRX757893","HIV resisttance in seroconverters from Partners PrEP: Sample 5-331_SC","Human immunodeficiency virus 1","454 GS Junior","Fred Hutchinson Cancer Research Center","SRP049715","Human immunodeficiency virus 1 Targeted Locus (Loci)","SRS743039","","1.13","1","4811","2380411","3174316","AMPLICON","VIRAL RNA","RT-PCR"
"SRX757892","HIV resisttance in seroconverters from Partners PrEP: Sample 5-327_SC+1","Human immunodeficiency virus 1","454 GS Junior","Fred Hutchinson Cancer Research Center","SRP049715","Human immunodeficiency virus 1 Targeted Locus (Loci)","SRS743043","","0.89","1","3366","1665763","3174315","AMPLICON","VIRAL RNA","RT-PCR"
"SRX757891","HIV resisttance in seroconverters from Partners PrEP: Sample 5-327_SC","Human immunodeficiency virus 1","454 GS Junior","Fred Hutchinson Cancer Research Center","SRP049715","Human immunodeficiency virus 1 Targeted Locus (Loci)","SRS743038","","1.26","1","5301","2607956","3174314","AMPLICON","VIRAL RNA","RT-PCR"
"SRX757890","HIV resisttance in seroconverters from Partners PrEP: Sample 5-323_SC+1","Human immunodeficiency virus 1","454 GS Junior","Fred Hutchinson Cancer Research Center","SRP049715","Human immunodeficiency virus 1 Targeted Locus (Loci)","SRS743037","","0.95","1","3689","1825900","3174313","AMPLICON","VIRAL RNA","RT-PCR"
"SRX757889","HIV resisttance in seroconverters from Partners PrEP: Sample 5-323_SC","Human immunodeficiency virus 1","454 GS Junior","Fred Hutchinson Cancer Research Center","SRP049715","Human immunodeficiency virus 1 Targeted Locus (Loci)","SRS743036","","1.1","1","4687","2312872","3174312","AMPLICON","VIRAL RNA","RT-PCR"
"SRX757888","HIV resisttance in seroconverters from Partners PrEP: Sample 5-319_SC+1","Human immunodeficiency virus 1","454 GS Junior","Fred Hutchinson Cancer Research Center","SRP049715","Human immunodeficiency virus 1 Targeted Locus (Loci)","SRS743035","","0.92","1","3277","1654458","3174311","AMPLICON","VIRAL RNA","RT-PCR"
"SRX757887","HIV resisttance in seroconverters from Partners PrEP: Sample 5-319_SC","Human immunodeficiency virus 1","454 GS Junior","Fred Hutchinson Cancer Research Center","SRP049715","Human immunodeficiency virus 1 Targeted Locus (Loci)","SRS743034","","1.21","1","4896","2469030","3174310","AMPLICON","VIRAL RNA","RT-PCR"
"SRX757886","HIV resisttance in seroconverters from Partners PrEP: Sample 5-315_SC+1","Human immunodeficiency virus 1","454 GS Junior","Fred Hutchinson Cancer Research Center","SRP049715","Human immunodeficiency virus 1 Targeted Locus (Loci)","SRS743033","","0.86","1","2924","1513062","3174309","AMPLICON","VIRAL RNA","RT-PCR"
"SRX757885","HIV resisttance in seroconverters from Partners PrEP: Sample 5-315_SC","Human immunodeficiency virus 1","454 GS Junior","Fred Hutchinson Cancer Research Center","SRP049715","Human immunodeficiency virus 1 Targeted Locus (Loci)","SRS743032","","1.41","1","4931","2552504","3174308","AMPLICON","VIRAL RNA","RT-PCR"
"SRX757884","HIV resisttance in seroconverters from Partners PrEP: Sample 5-311_SC+1","Human immunodeficiency virus 1","454 GS Junior","Fred Hutchinson Cancer Research Center","SRP049715","Human immunodeficiency virus 1 Targeted Locus (Loci)","SRS743031","","0.89","1","3553","1762082","3174307","AMPLICON","VIRAL RNA","RT-PCR"
"SRX757883","HIV resisttance in seroconverters from Partners PrEP: Sample 5-311_SC","Human immunodeficiency virus 1","454 GS Junior","Fred Hutchinson Cancer Research Center","SRP049715","Human immunodeficiency virus 1 Targeted Locus (Loci)","SRS743030","","1.26","1","5288","2610619","3174306","AMPLICON","VIRAL RNA","RT-PCR"
"SRX757882","HIV resisttance in seroconverters from Partners PrEP: Sample 5-301_SC+1","Human immunodeficiency virus 1","454 GS Junior","Fred Hutchinson Cancer Research Center","SRP049715","Human immunodeficiency virus 1 Targeted Locus (Loci)","SRS743029","","0.93","1","3494","1726595","3174305","AMPLICON","VIRAL RNA","RT-PCR"
"SRX757881","HIV resisttance in seroconverters from Partners PrEP: Sample 5-301_SC","Human immunodeficiency virus 1","454 GS Junior","Fred Hutchinson Cancer Research Center","SRP049715","Human immunodeficiency virus 1 Targeted Locus (Loci)","SRS743028","","0.78","1","3112","1540167","3174304","AMPLICON","VIRAL RNA","RT-PCR"
"SRX757880","HIV resisttance in seroconverters from Partners PrEP: Sample 5-296_SC","Human immunodeficiency virus 1","454 GS Junior","Fred Hutchinson Cancer Research Center","SRP049715","Human immunodeficiency virus 1 Targeted Locus (Loci)","SRS743027","","1.3","1","4767","2440879","3174303","AMPLICON","VIRAL RNA","RT-PCR"
"SRX757879","HIV resisttance in seroconverters from Partners PrEP: Sample 5-292_SC+1","Human immunodeficiency virus 1","454 GS Junior","Fred Hutchinson Cancer Research Center","SRP049715","Human immunodeficiency virus 1 Targeted Locus (Loci)","SRS743026","","0.8","1","2901","1439845","3174302","AMPLICON","VIRAL RNA","RT-PCR"
"SRX757878","HIV resisttance in seroconverters from Partners PrEP: Sample 5-292_SC","Human immunodeficiency virus 1","454 GS Junior","Fred Hutchinson Cancer Research Center","SRP049715","Human immunodeficiency virus 1 Targeted Locus (Loci)","SRS743025","","1.2","1","4880","2415518","3174301","AMPLICON","VIRAL RNA","RT-PCR"
"SRX757877","HIV resisttance in seroconverters from Partners PrEP: Sample 5-288_SC+1","Human immunodeficiency virus 1","454 GS Junior","Fred Hutchinson Cancer Research Center","SRP049715","Human immunodeficiency virus 1 Targeted Locus (Loci)","SRS743024","","0.64","1","2371","1202866","3174300","AMPLICON","VIRAL RNA","RT-PCR"
"SRX757876","HIV resisttance in seroconverters from Partners PrEP: Sample 5-288_SC","Human immunodeficiency virus 1","454 GS Junior","Fred Hutchinson Cancer Research Center","SRP049715","Human immunodeficiency virus 1 Targeted Locus (Loci)","SRS743023","","1.18","1","4698","2369969","3174299","AMPLICON","VIRAL RNA","RT-PCR"
"SRX757875","HIV resisttance in seroconverters from Partners PrEP: Sample 5-284_SC+1","Human immunodeficiency virus 1","454 GS Junior","Fred Hutchinson Cancer Research Center","SRP049715","Human immunodeficiency virus 1 Targeted Locus (Loci)","SRS743022","","0.87","1","3372","1690540","3174298","AMPLICON","VIRAL RNA","RT-PCR"
"SRX757874","HIV resisttance in seroconverters from Partners PrEP: Sample 5-284_SC","Human immunodeficiency virus 1","454 GS Junior","Fred Hutchinson Cancer Research Center","SRP049715","Human immunodeficiency virus 1 Targeted Locus (Loci)","SRS743021","","1.22","1","4965","2488277","3174297","AMPLICON","VIRAL RNA","RT-PCR"
"SRX757873","HIV resisttance in seroconverters from Partners PrEP: Sample 5-280_SC+1","Human immunodeficiency virus 1","454 GS Junior","Fred Hutchinson Cancer Research Center","SRP049715","Human immunodeficiency virus 1 Targeted Locus (Loci)","SRS743020","","0.84","1","3143","1563647","3174296","AMPLICON","VIRAL RNA","RT-PCR"
"SRX757872","HIV resisttance in seroconverters from Partners PrEP: Sample 5-280_SC","Human immunodeficiency virus 1","454 GS Junior","Fred Hutchinson Cancer Research Center","SRP049715","Human immunodeficiency virus 1 Targeted Locus (Loci)","SRS743019","","0.99","1","3994","1949028","3174295","AMPLICON","VIRAL RNA","RT-PCR"
"SRX757871","HIV resisttance in seroconverters from Partners PrEP: Sample 5-276_SC+1","Human immunodeficiency virus 1","454 GS Junior","Fred Hutchinson Cancer Research Center","SRP049715","Human immunodeficiency virus 1 Targeted Locus (Loci)","SRS743018","","0.89","1","3236","1634883","3174294","AMPLICON","VIRAL RNA","RT-PCR"
"SRX757870","HIV resisttance in seroconverters from Partners PrEP: Sample 5-276_SC","Human immunodeficiency virus 1","454 GS Junior","Fred Hutchinson Cancer Research Center","SRP049715","Human immunodeficiency virus 1 Targeted Locus (Loci)","SRS743017","","1.69","1","6473","3273222","3174293","AMPLICON","VIRAL RNA","RT-PCR"
"SRX757869","HIV resisttance in seroconverters from Partners PrEP: Sample 5-266_SC+1","Human immunodeficiency virus 1","454 GS Junior","Fred Hutchinson Cancer Research Center","SRP049715","Human immunodeficiency virus 1 Targeted Locus (Loci)","SRS743015","","0.95","1","3674","1772575","3174292","AMPLICON","VIRAL RNA","RT-PCR"
"SRX757868","HIV resisttance in seroconverters from Partners PrEP: Sample 5-266_SC","Human immunodeficiency virus 1","454 GS Junior","Fred Hutchinson Cancer Research Center","SRP049715","Human immunodeficiency virus 1 Targeted Locus (Loci)","SRS743016","","0.91","1","3906","1880778","3174291","AMPLICON","VIRAL RNA","RT-PCR"
"SRX757867","HIV resisttance in seroconverters from Partners PrEP: Sample 5-261_SC+1","Human immunodeficiency virus 1","454 GS Junior","Fred Hutchinson Cancer Research Center","SRP049715","Human immunodeficiency virus 1 Targeted Locus (Loci)","SRS743014","","0.66","1","2490","1253355","3174290","AMPLICON","VIRAL RNA","RT-PCR"
"SRX757866","HIV resisttance in seroconverters from Partners PrEP: Sample 5-261_SC","Human immunodeficiency virus 1","454 GS Junior","Fred Hutchinson Cancer Research Center","SRP049715","Human immunodeficiency virus 1 Targeted Locus (Loci)","SRS743011","","0.8","1","3028","1519861","3174289","AMPLICON","VIRAL RNA","RT-PCR"
"SRX757865","HIV resisttance in seroconverters from Partners PrEP: Sample 5-257_SC+1","Human immunodeficiency virus 1","454 GS Junior","Fred Hutchinson Cancer Research Center","SRP049715","Human immunodeficiency virus 1 Targeted Locus (Loci)","SRS743012","","1.11","1","3696","1923917","3174288","AMPLICON","VIRAL RNA","RT-PCR"
"SRX757864","HIV resisttance in seroconverters from Partners PrEP: Sample 5-257_SC","Human immunodeficiency virus 1","454 GS Junior","Fred Hutchinson Cancer Research Center","SRP049715","Human immunodeficiency virus 1 Targeted Locus (Loci)","SRS743010","","1.04","1","3664","1906726","3174287","AMPLICON","VIRAL RNA","RT-PCR"
"SRX757863","HIV resisttance in seroconverters from Partners PrEP: Sample 5-253_SC+1","Human immunodeficiency virus 1","454 GS Junior","Fred Hutchinson Cancer Research Center","SRP049715","Human immunodeficiency virus 1 Targeted Locus (Loci)","SRS743009","","0.7","1","2991","1459632","3174286","AMPLICON","VIRAL RNA","RT-PCR"
"SRX757862","HIV resisttance in seroconverters from Partners PrEP: Sample 5-253_SC","Human immunodeficiency virus 1","454 GS Junior","Fred Hutchinson Cancer Research Center","SRP049715","Human immunodeficiency virus 1 Targeted Locus (Loci)","SRS743008","","0.9","1","4130","1998898","3174285","AMPLICON","VIRAL RNA","RT-PCR"
"SRX757861","HIV resisttance in seroconverters from Partners PrEP: Sample 5-249_SC+1","Human immunodeficiency virus 1","454 GS Junior","Fred Hutchinson Cancer Research Center","SRP049715","Human immunodeficiency virus 1 Targeted Locus (Loci)","SRS743007","","0.78","1","3063","1523327","3174284","AMPLICON","VIRAL RNA","RT-PCR"
"SRX757860","HIV resisttance in seroconverters from Partners PrEP: Sample 5-249_SC","Human immunodeficiency virus 1","454 GS Junior","Fred Hutchinson Cancer Research Center","SRP049715","Human immunodeficiency virus 1 Targeted Locus (Loci)","SRS743013","","0.96","1","3900","1941914","3174283","AMPLICON","VIRAL RNA","RT-PCR"
"SRX757859","HIV resisttance in seroconverters from Partners PrEP: Sample 5-246_SC+1","Human immunodeficiency virus 1","454 GS Junior","Fred Hutchinson Cancer Research Center","SRP049715","Human immunodeficiency virus 1 Targeted Locus (Loci)","SRS743006","","0.59","1","2320","1144872","3174282","AMPLICON","VIRAL RNA","RT-PCR"
"SRX757858","HIV resisttance in seroconverters from Partners PrEP: Sample 5-246_SC","Human immunodeficiency virus 1","454 GS Junior","Fred Hutchinson Cancer Research Center","SRP049715","Human immunodeficiency virus 1 Targeted Locus (Loci)","SRS743005","","0.76","1","3049","1513834","3174281","AMPLICON","VIRAL RNA","RT-PCR"
"SRX757857","HIV resisttance in seroconverters from Partners PrEP: Sample 5-241_SC+1","Human immunodeficiency virus 1","454 GS Junior","Fred Hutchinson Cancer Research Center","SRP049715","Human immunodeficiency virus 1 Targeted Locus (Loci)","SRS743004","","0.87","1","3597","1797555","3174280","AMPLICON","VIRAL RNA","RT-PCR"
"SRX757856","HIV resisttance in seroconverters from Partners PrEP: Sample 5-241_SC","Human immunodeficiency virus 1","454 GS Junior","Fred Hutchinson Cancer Research Center","SRP049715","Human immunodeficiency virus 1 Targeted Locus (Loci)","SRS743003","","0.81","1","3165","1580237","3174279","AMPLICON","VIRAL RNA","RT-PCR"
"SRX757855","HIV resisttance in seroconverters from Partners PrEP: Sample 5-226_SC+1","Human immunodeficiency virus 1","454 GS Junior","Fred Hutchinson Cancer Research Center","SRP049715","Human immunodeficiency virus 1 Targeted Locus (Loci)","SRS743002","","0.96","1","3164","1665795","3174278","AMPLICON","VIRAL RNA","RT-PCR"
"SRX757854","HIV resisttance in seroconverters from Partners PrEP: Sample 5-226_SC","Human immunodeficiency virus 1","454 GS Junior","Fred Hutchinson Cancer Research Center","SRP049715","Human immunodeficiency virus 1 Targeted Locus (Loci)","SRS743001","","0.96","1","3340","1757844","3174277","AMPLICON","VIRAL RNA","RT-PCR"
"SRX757853","HIV resisttance in seroconverters from Partners PrEP: Sample 5-221_SC+1","Human immunodeficiency virus 1","454 GS Junior","Fred Hutchinson Cancer Research Center","SRP049715","Human immunodeficiency virus 1 Targeted Locus (Loci)","SRS743000","","0.78","1","2778","1415016","3174276","AMPLICON","VIRAL RNA","RT-PCR"
"SRX757852","HIV resisttance in seroconverters from Partners PrEP: Sample 5-221_SC","Human immunodeficiency virus 1","454 GS Junior","Fred Hutchinson Cancer Research Center","SRP049715","Human immunodeficiency virus 1 Targeted Locus (Loci)","SRS742999","","1.32","1","4872","2476893","3174275","AMPLICON","VIRAL RNA","RT-PCR"
"SRX757851","HIV resisttance in seroconverters from Partners PrEP: Sample 5-217_SC+1","Human immunodeficiency virus 1","454 GS Junior","Fred Hutchinson Cancer Research Center","SRP049715","Human immunodeficiency virus 1 Targeted Locus (Loci)","SRS742998","","0.91","1","3805","1906891","3174274","AMPLICON","VIRAL RNA","RT-PCR"
"SRX757850","HIV resisttance in seroconverters from Partners PrEP: Sample 5-217_SC","Human immunodeficiency virus 1","454 GS Junior","Fred Hutchinson Cancer Research Center","SRP049715","Human immunodeficiency virus 1 Targeted Locus (Loci)","SRS742997","","0.78","1","3060","1543806","3174273","AMPLICON","VIRAL RNA","RT-PCR"
"SRX757849","HIV resisttance in seroconverters from Partners PrEP: Sample 5-213_SC+1","Human immunodeficiency virus 1","454 GS Junior","Fred Hutchinson Cancer Research Center","SRP049715","Human immunodeficiency virus 1 Targeted Locus (Loci)","SRS742996","","0.63","1","2470","1228022","3174272","AMPLICON","VIRAL RNA","RT-PCR"
"SRX757848","HIV resisttance in seroconverters from Partners PrEP: Sample 5-213_SC","Human immunodeficiency virus 1","454 GS Junior","Fred Hutchinson Cancer Research Center","SRP049715","Human immunodeficiency virus 1 Targeted Locus (Loci)","SRS742995","","0.96","1","3831","1909751","3174271","AMPLICON","VIRAL RNA","RT-PCR"
"SRX757847","HIV resisttance in seroconverters from Partners PrEP: Sample 5-209_SC+1","Human immunodeficiency virus 1","454 GS Junior","Fred Hutchinson Cancer Research Center","SRP049715","Human immunodeficiency virus 1 Targeted Locus (Loci)","SRS742994","","0.7","1","2604","1300076","3174270","AMPLICON","VIRAL RNA","RT-PCR"
"SRX757846","HIV resisttance in seroconverters from Partners PrEP: Sample 5-209_SC","Human immunodeficiency virus 1","454 GS Junior","Fred Hutchinson Cancer Research Center","SRP049715","Human immunodeficiency virus 1 Targeted Locus (Loci)","SRS742993","","0.97","1","3687","1842011","3174269","AMPLICON","VIRAL RNA","RT-PCR"
"SRX757845","HIV resisttance in seroconverters from Partners PrEP: Sample 5-205_SC+3","Human immunodeficiency virus 1","454 GS Junior","Fred Hutchinson Cancer Research Center","SRP049715","Human immunodeficiency virus 1 Targeted Locus (Loci)","SRS742992","","0.72","1","2949","1453902","3174268","AMPLICON","VIRAL RNA","RT-PCR"
"SRX757844","HIV resisttance in seroconverters from Partners PrEP: Sample 5-205_SC","Human immunodeficiency virus 1","454 GS Junior","Fred Hutchinson Cancer Research Center","SRP049715","Human immunodeficiency virus 1 Targeted Locus (Loci)","SRS742991","","1.12","1","4753","2350573","3174267","AMPLICON","VIRAL RNA","RT-PCR"
"SRX757843","HIV resisttance in seroconverters from Partners PrEP: Sample 4-321_SC+1","Human immunodeficiency virus 1","454 GS Junior","Fred Hutchinson Cancer Research Center","SRP049715","Human immunodeficiency virus 1 Targeted Locus (Loci)","SRS742990","","0.82","1","2888","1469002","3174266","AMPLICON","VIRAL RNA","RT-PCR"
"SRX757842","HIV resisttance in seroconverters from Partners PrEP: Sample 4-308_SC+1","Human immunodeficiency virus 1","454 GS Junior","Fred Hutchinson Cancer Research Center","SRP049715","Human immunodeficiency virus 1 Targeted Locus (Loci)","SRS742989","","0.86","1","3096","1539356","3174265","AMPLICON","VIRAL RNA","RT-PCR"
"SRX757841","HIV resisttance in seroconverters from Partners PrEP: Sample 4-233_SC+1","Human immunodeficiency virus 1","454 GS Junior","Fred Hutchinson Cancer Research Center","SRP049715","Human immunodeficiency virus 1 Targeted Locus (Loci)","SRS742988","","0.88","1","3002","1552851","3174264","AMPLICON","VIRAL RNA","RT-PCR"
"SRX757840","HIV resisttance in seroconverters from Partners PrEP: Sample 3-337_SC+1","Human immunodeficiency virus 1","454 GS Junior","Fred Hutchinson Cancer Research Center","SRP049715","Human immunodeficiency virus 1 Targeted Locus (Loci)","SRS742987","","0.78","1","2931","1422442","3174263","AMPLICON","VIRAL RNA","RT-PCR"
"SRX757839","HIV resisttance in seroconverters from Partners PrEP: Sample 3-337_SC","Human immunodeficiency virus 1","454 GS Junior","Fred Hutchinson Cancer Research Center","SRP049715","Human immunodeficiency virus 1 Targeted Locus (Loci)","SRS742986","","1.04","1","3380","1697382","3174262","AMPLICON","VIRAL RNA","RT-PCR"
"SRX757838","HIV resisttance in seroconverters from Partners PrEP: Sample 3-333_SC+1","Human immunodeficiency virus 1","454 GS Junior","Fred Hutchinson Cancer Research Center","SRP049715","Human immunodeficiency virus 1 Targeted Locus (Loci)","SRS742985","","0.83","1","3232","1591567","3174261","AMPLICON","VIRAL RNA","RT-PCR"
"SRX757837","HIV resisttance in seroconverters from Partners PrEP: Sample 3-333_SC","Human immunodeficiency virus 1","454 GS Junior","Fred Hutchinson Cancer Research Center","SRP049715","Human immunodeficiency virus 1 Targeted Locus (Loci)","SRS742984","","1.03","1","3351","1656816","3174260","AMPLICON","VIRAL RNA","RT-PCR"
"SRX757836","HIV resisttance in seroconverters from Partners PrEP: Sample 3-327_SC","Human immunodeficiency virus 1","454 GS Junior","Fred Hutchinson Cancer Research Center","SRP049715","Human immunodeficiency virus 1 Targeted Locus (Loci)","SRS742983","","1.24","1","3888","1967568","3174259","AMPLICON","VIRAL RNA","RT-PCR"
"SRX757835","HIV resisttance in seroconverters from Partners PrEP: Sample 3-323_SC","Human immunodeficiency virus 1","454 GS Junior","Fred Hutchinson Cancer Research Center","SRP049715","Human immunodeficiency virus 1 Targeted Locus (Loci)","SRS742982","","0.31","1","818","412184","3174258","AMPLICON","VIRAL RNA","RT-PCR"
"SRX757834","HIV resisttance in seroconverters from Partners PrEP: Sample 3-317_SC+1","Human immunodeficiency virus 1","454 GS Junior","Fred Hutchinson Cancer Research Center","SRP049715","Human immunodeficiency virus 1 Targeted Locus (Loci)","SRS742981","","0.64","1","2386","1176962","3174257","AMPLICON","VIRAL RNA","RT-PCR"
"SRX757833","HIV resisttance in seroconverters from Partners PrEP: Sample 3-317_SC","Human immunodeficiency virus 1","454 GS Junior","Fred Hutchinson Cancer Research Center","SRP049715","Human immunodeficiency virus 1 Targeted Locus (Loci)","SRS742980","","0.33","1","905","446310","3174256","AMPLICON","VIRAL RNA","RT-PCR"
"SRX757832","HIV resisttance in seroconverters from Partners PrEP: Sample 3-309_SC+1","Human immunodeficiency virus 1","454 GS Junior","Fred Hutchinson Cancer Research Center","SRP049715","Human immunodeficiency virus 1 Targeted Locus (Loci)","SRS742979","","0.62","1","2210","1089170","3174255","AMPLICON","VIRAL RNA","RT-PCR"
"SRX757831","HIV resisttance in seroconverters from Partners PrEP: Sample 3-309_SC","Human immunodeficiency virus 1","454 GS Junior","Fred Hutchinson Cancer Research Center","SRP049715","Human immunodeficiency virus 1 Targeted Locus (Loci)","SRS742978","","1.05","1","3384","1671783","3174254","AMPLICON","VIRAL RNA","RT-PCR"
"SRX757830","HIV resisttance in seroconverters from Partners PrEP: Sample 3-297_SC+1","Human immunodeficiency virus 1","454 GS Junior","Fred Hutchinson Cancer Research Center","SRP049715","Human immunodeficiency virus 1 Targeted Locus (Loci)","SRS742977","","1.18","1","3645","1898213","3174253","AMPLICON","VIRAL RNA","RT-PCR"
"SRX757829","HIV resisttance in seroconverters from Partners PrEP: Sample 3-297_SC","Human immunodeficiency virus 1","454 GS Junior","Fred Hutchinson Cancer Research Center","SRP049715","Human immunodeficiency virus 1 Targeted Locus (Loci)","SRS742976","","1.21","1","3744","1949713","3174252","AMPLICON","VIRAL RNA","RT-PCR"
"SRX757828","HIV resisttance in seroconverters from Partners PrEP: Sample 3-269_SC+1","Human immunodeficiency virus 1","454 GS Junior","Fred Hutchinson Cancer Research Center","SRP049715","Human immunodeficiency virus 1 Targeted Locus (Loci)","SRS742975","","1.12","1","3474","1752648","3174251","AMPLICON","VIRAL RNA","RT-PCR"
"SRX757827","HIV resisttance in seroconverters from Partners PrEP: Sample 3-269_SC","Human immunodeficiency virus 1","454 GS Junior","Fred Hutchinson Cancer Research Center","SRP049715","Human immunodeficiency virus 1 Targeted Locus (Loci)","SRS742973","","1.09","1","3385","1714682","3174250","AMPLICON","VIRAL RNA","RT-PCR"
"SRX757826","HIV resisttance in seroconverters from Partners PrEP: Sample 3-233_SC+1","Human immunodeficiency virus 1","454 GS Junior","Fred Hutchinson Cancer Research Center","SRP049715","Human immunodeficiency virus 1 Targeted Locus (Loci)","SRS742974","","0.85","1","3246","1634669","3174249","AMPLICON","VIRAL RNA","RT-PCR"
"SRX757825","HIV resisttance in seroconverters from Partners PrEP: Sample 3-233_SC","Human immunodeficiency virus 1","454 GS Junior","Fred Hutchinson Cancer Research Center","SRP049715","Human immunodeficiency virus 1 Targeted Locus (Loci)","SRS742972","","1.12","1","3676","1852387","3174248","AMPLICON","VIRAL RNA","RT-PCR"
"SRX757824","HIV resisttance in seroconverters from Partners PrEP: Sample 3-229_SC+1","Human immunodeficiency virus 1","454 GS Junior","Fred Hutchinson Cancer Research Center","SRP049715","Human immunodeficiency virus 1 Targeted Locus (Loci)","SRS742970","","0.73","1","2818","1388746","3174247","AMPLICON","VIRAL RNA","RT-PCR"
"SRX757823","HIV resisttance in seroconverters from Partners PrEP: Sample 3-229_SC","Human immunodeficiency virus 1","454 GS Junior","Fred Hutchinson Cancer Research Center","SRP049715","Human immunodeficiency virus 1 Targeted Locus (Loci)","SRS742969","","0.71","1","2271","1117459","3174246","AMPLICON","VIRAL RNA","RT-PCR"
"SRX757822","HIV resisttance in seroconverters from Partners PrEP: Sample 3-225_SC+1","Human immunodeficiency virus 1","454 GS Junior","Fred Hutchinson Cancer Research Center","SRP049715","Human immunodeficiency virus 1 Targeted Locus (Loci)","SRS742971","","0.9","1","3339","1683066","3174245","AMPLICON","VIRAL RNA","RT-PCR"
"SRX757821","HIV resisttance in seroconverters from Partners PrEP: Sample 3-225_SC","Human immunodeficiency virus 1","454 GS Junior","Fred Hutchinson Cancer Research Center","SRP049715","Human immunodeficiency virus 1 Targeted Locus (Loci)","SRS742968","","0.86","1","2767","1395587","3174244","AMPLICON","VIRAL RNA","RT-PCR"
"SRX757820","HIV resisttance in seroconverters from Partners PrEP: Sample 3-221_SC+1","Human immunodeficiency virus 1","454 GS Junior","Fred Hutchinson Cancer Research Center","SRP049715","Human immunodeficiency virus 1 Targeted Locus (Loci)","SRS742967","","0.82","1","2991","1498033","3174243","AMPLICON","VIRAL RNA","RT-PCR"
"SRX757819","HIV resisttance in seroconverters from Partners PrEP: Sample 3-221_SC","Human immunodeficiency virus 1","454 GS Junior","Fred Hutchinson Cancer Research Center","SRP049715","Human immunodeficiency virus 1 Targeted Locus (Loci)","SRS742966","","1.01","1","3177","1598196","3174242","AMPLICON","VIRAL RNA","RT-PCR"
"SRX757818","HIV resisttance in seroconverters from Partners PrEP: Sample 3-217_SC+1","Human immunodeficiency virus 1","454 GS Junior","Fred Hutchinson Cancer Research Center","SRP049715","Human immunodeficiency virus 1 Targeted Locus (Loci)","SRS742964","","0.62","1","2354","1190133","3174241","AMPLICON","VIRAL RNA","RT-PCR"
"SRX757817","HIV resisttance in seroconverters from Partners PrEP: Sample 3-217_SC","Human immunodeficiency virus 1","454 GS Junior","Fred Hutchinson Cancer Research Center","SRP049715","Human immunodeficiency virus 1 Targeted Locus (Loci)","SRS742965","","1.21","1","4019","2039084","3174240","AMPLICON","VIRAL RNA","RT-PCR"
"SRX757816","HIV resisttance in seroconverters from Partners PrEP: Sample 3-213_SC+1","Human immunodeficiency virus 1","454 GS Junior","Fred Hutchinson Cancer Research Center","SRP049715","Human immunodeficiency virus 1 Targeted Locus (Loci)","SRS742963","","1.16","1","3781","1910905","3174239","AMPLICON","VIRAL RNA","RT-PCR"
"SRX757815","HIV resisttance in seroconverters from Partners PrEP: Sample 3-213_SC","Human immunodeficiency virus 1","454 GS Junior","Fred Hutchinson Cancer Research Center","SRP049715","Human immunodeficiency virus 1 Targeted Locus (Loci)","SRS742962","","1.17","1","3860","1950504","3174238","AMPLICON","VIRAL RNA","RT-PCR"
"SRX757814","HIV resisttance in seroconverters from Partners PrEP: Sample 3-209_SC+1","Human immunodeficiency virus 1","454 GS Junior","Fred Hutchinson Cancer Research Center","SRP049715","Human immunodeficiency virus 1 Targeted Locus (Loci)","SRS742961","","0.87","1","3087","1582850","3174237","AMPLICON","VIRAL RNA","RT-PCR"
"SRX757813","HIV resisttance in seroconverters from Partners PrEP: Sample 3-209_SC","Human immunodeficiency virus 1","454 GS Junior","Fred Hutchinson Cancer Research Center","SRP049715","Human immunodeficiency virus 1 Targeted Locus (Loci)","SRS742960","","1.21","1","3764","1946088","3174236","AMPLICON","VIRAL RNA","RT-PCR"
"SRX757812","HIV resisttance in seroconverters from Partners PrEP: Sample 3-205_SC+1","Human immunodeficiency virus 1","454 GS Junior","Fred Hutchinson Cancer Research Center","SRP049715","Human immunodeficiency virus 1 Targeted Locus (Loci)","SRS742959","","0.81","1","2913","1505646","3174235","AMPLICON","VIRAL RNA","RT-PCR"
"SRX757811","HIV resisttance in seroconverters from Partners PrEP: Sample 3-205_SC","Human immunodeficiency virus 1","454 GS Junior","Fred Hutchinson Cancer Research Center","SRP049715","Human immunodeficiency virus 1 Targeted Locus (Loci)","SRS742956","","0.95","1","2905","1504407","3174234","AMPLICON","VIRAL RNA","RT-PCR"
"SRX757810","HIV resisttance in seroconverters from Partners PrEP: Sample 2-365_SC+1","Human immunodeficiency virus 1","454 GS Junior","Fred Hutchinson Cancer Research Center","SRP049715","Human immunodeficiency virus 1 Targeted Locus (Loci)","SRS742958","","1.23","1","3977","1994662","3174233","AMPLICON","VIRAL RNA","RT-PCR"
"SRX757809","HIV resisttance in seroconverters from Partners PrEP: Sample 2-365_SC","Human immunodeficiency virus 1","454 GS Junior","Fred Hutchinson Cancer Research Center","SRP049715","Human immunodeficiency virus 1 Targeted Locus (Loci)","SRS742957","","1.09","1","3741","1883638","3174232","AMPLICON","VIRAL RNA","RT-PCR"
"SRX757808","HIV resisttance in seroconverters from Partners PrEP: Sample 2-340_SC+1","Human immunodeficiency virus 1","454 GS Junior","Fred Hutchinson Cancer Research Center","SRP049715","Human immunodeficiency virus 1 Targeted Locus (Loci)","SRS742954","","0.72","1","2664","1346346","3174231","AMPLICON","VIRAL RNA","RT-PCR"
"SRX757807","HIV resisttance in seroconverters from Partners PrEP: Sample 2-340_SC","Human immunodeficiency virus 1","454 GS Junior","Fred Hutchinson Cancer Research Center","SRP049715","Human immunodeficiency virus 1 Targeted Locus (Loci)","SRS742952","","0.26","1","641","324609","3174230","AMPLICON","VIRAL RNA","RT-PCR"
"SRX757806","HIV resisttance in seroconverters from Partners PrEP: Sample 2-331_SC+1","Human immunodeficiency virus 1","454 GS Junior","Fred Hutchinson Cancer Research Center","SRP049715","Human immunodeficiency virus 1 Targeted Locus (Loci)","SRS742955","","1.3","1","4058","2108112","3174229","AMPLICON","VIRAL RNA","RT-PCR"
"SRX757805","HIV resisttance in seroconverters from Partners PrEP: Sample 2-331_SC","Human immunodeficiency virus 1","454 GS Junior","Fred Hutchinson Cancer Research Center","SRP049715","Human immunodeficiency virus 1 Targeted Locus (Loci)","SRS742953","","1.22","1","4064","2103329","3174228","AMPLICON","VIRAL RNA","RT-PCR"
"SRX757804","HIV resisttance in seroconverters from Partners PrEP: Sample 2-326_SC+1","Human immunodeficiency virus 1","454 GS Junior","Fred Hutchinson Cancer Research Center","SRP049715","Human immunodeficiency virus 1 Targeted Locus (Loci)","SRS742951","","2.09","1","7442","3708931","3174227","AMPLICON","VIRAL RNA","RT-PCR"
"SRX757803","HIV resisttance in seroconverters from Partners PrEP: Sample 2-326_SC","Human immunodeficiency virus 1","454 GS Junior","Fred Hutchinson Cancer Research Center","SRP049715","Human immunodeficiency virus 1 Targeted Locus (Loci)","SRS742950","","1.11","1","3904","1946652","3174226","AMPLICON","VIRAL RNA","RT-PCR"
"SRX757802","HIV resisttance in seroconverters from Partners PrEP: Sample 2-321_SC+1","Human immunodeficiency virus 1","454 GS Junior","Fred Hutchinson Cancer Research Center","SRP049715","Human immunodeficiency virus 1 Targeted Locus (Loci)","SRS742949","","0.82","1","2969","1495598","3174225","AMPLICON","VIRAL RNA","RT-PCR"
"SRX757801","HIV resisttance in seroconverters from Partners PrEP: Sample 2-321_SC","Human immunodeficiency virus 1","454 GS Junior","Fred Hutchinson Cancer Research Center","SRP049715","Human immunodeficiency virus 1 Targeted Locus (Loci)","SRS742948","","1.11","1","3811","1914503","3174224","AMPLICON","VIRAL RNA","RT-PCR"
"SRX757800","HIV resisttance in seroconverters from Partners PrEP: Sample 2-316_SC+1","Human immunodeficiency virus 1","454 GS Junior","Fred Hutchinson Cancer Research Center","SRP049715","Human immunodeficiency virus 1 Targeted Locus (Loci)","SRS742947","","0.78","1","2851","1452280","3174223","AMPLICON","VIRAL RNA","RT-PCR"
"SRX757799","HIV resisttance in seroconverters from Partners PrEP: Sample 2-316_SC","Human immunodeficiency virus 1","454 GS Junior","Fred Hutchinson Cancer Research Center","SRP049715","Human immunodeficiency virus 1 Targeted Locus (Loci)","SRS742946","","1.07","1","3740","1902328","3174222","AMPLICON","VIRAL RNA","RT-PCR"
"SRX757798","HIV resisttance in seroconverters from Partners PrEP: Sample 2-307_SC+1","Human immunodeficiency virus 1","454 GS Junior","Fred Hutchinson Cancer Research Center","SRP049715","Human immunodeficiency virus 1 Targeted Locus (Loci)","SRS742944","","0.82","1","2999","1478699","3174221","AMPLICON","VIRAL RNA","RT-PCR"
"SRX757797","HIV resisttance in seroconverters from Partners PrEP: Sample 2-307_SC","Human immunodeficiency virus 1","454 GS Junior","Fred Hutchinson Cancer Research Center","SRP049715","Human immunodeficiency virus 1 Targeted Locus (Loci)","SRS742945","","1.08","1","3715","1833376","3174220","AMPLICON","VIRAL RNA","RT-PCR"
"SRX757796","HIV resisttance in seroconverters from Partners PrEP: Sample 2-299_SC","Human immunodeficiency virus 1","454 GS Junior","Fred Hutchinson Cancer Research Center","SRP049715","Human immunodeficiency virus 1 Targeted Locus (Loci)","SRS742943","","1.02","1","3167","1645597","3174219","AMPLICON","VIRAL RNA","RT-PCR"
"SRX757795","HIV resisttance in seroconverters from Partners PrEP: Sample 2-295_SC+1","Human immunodeficiency virus 1","454 GS Junior","Fred Hutchinson Cancer Research Center","SRP049715","Human immunodeficiency virus 1 Targeted Locus (Loci)","SRS742942","","0.66","1","2464","1224337","3174218","AMPLICON","VIRAL RNA","RT-PCR"
"SRX757794","HIV resisttance in seroconverters from Partners PrEP: Sample 2-295_SC","Human immunodeficiency virus 1","454 GS Junior","Fred Hutchinson Cancer Research Center","SRP049715","Human immunodeficiency virus 1 Targeted Locus (Loci)","SRS742941","","0.98","1","3394","1694195","3174217","AMPLICON","VIRAL RNA","RT-PCR"
"SRX757793","HIV resisttance in seroconverters from Partners PrEP: Sample 2-291_SC+1","Human immunodeficiency virus 1","454 GS Junior","Fred Hutchinson Cancer Research Center","SRP049715","Human immunodeficiency virus 1 Targeted Locus (Loci)","SRS742939","","0.91","1","3214","1636414","3174216","AMPLICON","VIRAL RNA","RT-PCR"
"SRX757792","HIV resisttance in seroconverters from Partners PrEP: Sample 2-291_SC","Human immunodeficiency virus 1","454 GS Junior","Fred Hutchinson Cancer Research Center","SRP049715","Human immunodeficiency virus 1 Targeted Locus (Loci)","SRS742940","","1.25","1","4174","2127726","3174215","AMPLICON","VIRAL RNA","RT-PCR"
"SRX757791","HIV resisttance in seroconverters from Partners PrEP: Sample 2-287_SC+1","Human immunodeficiency virus 1","454 GS Junior","Fred Hutchinson Cancer Research Center","SRP049715","Human immunodeficiency virus 1 Targeted Locus (Loci)","SRS742938","","0.76","1","2849","1414331","3174214","AMPLICON","VIRAL RNA","RT-PCR"
"SRX757790","HIV resisttance in seroconverters from Partners PrEP: Sample 2-287_SC","Human immunodeficiency virus 1","454 GS Junior","Fred Hutchinson Cancer Research Center","SRP049715","Human immunodeficiency virus 1 Targeted Locus (Loci)","SRS742937","","1.13","1","4031","2001163","3174213","AMPLICON","VIRAL RNA","RT-PCR"
"SRX757789","HIV resisttance in seroconverters from Partners PrEP: Sample 2-283_SC+1","Human immunodeficiency virus 1","454 GS Junior","Fred Hutchinson Cancer Research Center","SRP049715","Human immunodeficiency virus 1 Targeted Locus (Loci)","SRS742936","","0.84","1","3075","1532286","3174212","AMPLICON","VIRAL RNA","RT-PCR"
"SRX757788","HIV resisttance in seroconverters from Partners PrEP: Sample 2-283_SC","Human immunodeficiency virus 1","454 GS Junior","Fred Hutchinson Cancer Research Center","SRP049715","Human immunodeficiency virus 1 Targeted Locus (Loci)","SRS742935","","0.97","1","3335","1658188","3174211","AMPLICON","VIRAL RNA","RT-PCR"
"SRX757787","HIV resisttance in seroconverters from Partners PrEP: Sample 2-279_SC+1","Human immunodeficiency virus 1","454 GS Junior","Fred Hutchinson Cancer Research Center","SRP049715","Human immunodeficiency virus 1 Targeted Locus (Loci)","SRS742934","","1.05","1","3326","1678540","3174210","AMPLICON","VIRAL RNA","RT-PCR"
"SRX757786","HIV resisttance in seroconverters from Partners PrEP: Sample 2-279_SC","Human immunodeficiency virus 1","454 GS Junior","Fred Hutchinson Cancer Research Center","SRP049715","Human immunodeficiency virus 1 Targeted Locus (Loci)","SRS742933","","1.01","1","3423","1722613","3174209","AMPLICON","VIRAL RNA","RT-PCR"
"SRX757785","HIV resisttance in seroconverters from Partners PrEP: Sample 2-275_SC+1","Human immunodeficiency virus 1","454 GS Junior","Fred Hutchinson Cancer Research Center","SRP049715","Human immunodeficiency virus 1 Targeted Locus (Loci)","SRS742931","","1.04","1","3213","1652104","3174208","AMPLICON","VIRAL RNA","RT-PCR"
"SRX757784","HIV resisttance in seroconverters from Partners PrEP: Sample 2-275_SC","Human immunodeficiency virus 1","454 GS Junior","Fred Hutchinson Cancer Research Center","SRP049715","Human immunodeficiency virus 1 Targeted Locus (Loci)","SRS742932","","1.07","1","3531","1812090","3174207","AMPLICON","VIRAL RNA","RT-PCR"
"SRX757783","HIV resisttance in seroconverters from Partners PrEP: Sample 2-271_SC+1","Human immunodeficiency virus 1","454 GS Junior","Fred Hutchinson Cancer Research Center","SRP049715","Human immunodeficiency virus 1 Targeted Locus (Loci)","SRS742930","","0.81","1","2882","1469134","3174206","AMPLICON","VIRAL RNA","RT-PCR"
"SRX757782","HIV resisttance in seroconverters from Partners PrEP: Sample 2-271_SC","Human immunodeficiency virus 1","454 GS Junior","Fred Hutchinson Cancer Research Center","SRP049715","Human immunodeficiency virus 1 Targeted Locus (Loci)","SRS742929","","1.1","1","3728","1887547","3174205","AMPLICON","VIRAL RNA","RT-PCR"
"SRX757781","HIV resisttance in seroconverters from Partners PrEP: Sample 2-266_SC+1","Human immunodeficiency virus 1","454 GS Junior","Fred Hutchinson Cancer Research Center","SRP049715","Human immunodeficiency virus 1 Targeted Locus (Loci)","SRS742928","","0.88","1","3185","1627998","3174204","AMPLICON","VIRAL RNA","RT-PCR"
"SRX757780","HIV resisttance in seroconverters from Partners PrEP: Sample 2-266_SC","Human immunodeficiency virus 1","454 GS Junior","Fred Hutchinson Cancer Research Center","SRP049715","Human immunodeficiency virus 1 Targeted Locus (Loci)","SRS742927","","0.98","1","3403","1711958","3174203","AMPLICON","VIRAL RNA","RT-PCR"
"SRX757779","HIV resisttance in seroconverters from Partners PrEP: Sample 2-261_SC+1","Human immunodeficiency virus 1","454 GS Junior","Fred Hutchinson Cancer Research Center","SRP049715","Human immunodeficiency virus 1 Targeted Locus (Loci)","SRS742926","","0.88","1","3323","1658048","3174202","AMPLICON","VIRAL RNA","RT-PCR"
"SRX757778","HIV resisttance in seroconverters from Partners PrEP: Sample 2-261_SC","Human immunodeficiency virus 1","454 GS Junior","Fred Hutchinson Cancer Research Center","SRP049715","Human immunodeficiency virus 1 Targeted Locus (Loci)","SRS742925","","0.94","1","3233","1611911","3174201","AMPLICON","VIRAL RNA","RT-PCR"
"SRX757777","HIV resisttance in seroconverters from Partners PrEP: Sample 2-257_SC+1","Human immunodeficiency virus 1","454 GS Junior","Fred Hutchinson Cancer Research Center","SRP049715","Human immunodeficiency virus 1 Targeted Locus (Loci)","SRS742924","","0.78","1","2710","1387225","3174200","AMPLICON","VIRAL RNA","RT-PCR"
"SRX757776","HIV resisttance in seroconverters from Partners PrEP: Sample 2-257_SC","Human immunodeficiency virus 1","454 GS Junior","Fred Hutchinson Cancer Research Center","SRP049715","Human immunodeficiency virus 1 Targeted Locus (Loci)","SRS742923","","1.08","1","3619","1854370","3174199","AMPLICON","VIRAL RNA","RT-PCR"
"SRX757775","HIV resisttance in seroconverters from Partners PrEP: Sample 2-253_SC+1","Human immunodeficiency virus 1","454 GS Junior","Fred Hutchinson Cancer Research Center","SRP049715","Human immunodeficiency virus 1 Targeted Locus (Loci)","SRS742922","","1.12","1","3470","1759709","3174198","AMPLICON","VIRAL RNA","RT-PCR"
"SRX757774","HIV resisttance in seroconverters from Partners PrEP: Sample 2-253_SC","Human immunodeficiency virus 1","454 GS Junior","Fred Hutchinson Cancer Research Center","SRP049715","Human immunodeficiency virus 1 Targeted Locus (Loci)","SRS742921","","1.05","1","3465","1760271","3174197","AMPLICON","VIRAL RNA","RT-PCR"
"SRX757773","HIV resisttance in seroconverters from Partners PrEP: Sample 2-249_SC+1","Human immunodeficiency virus 1","454 GS Junior","Fred Hutchinson Cancer Research Center","SRP049715","Human immunodeficiency virus 1 Targeted Locus (Loci)","SRS742920","","0.91","1","3168","1648073","3174196","AMPLICON","VIRAL RNA","RT-PCR"
"SRX757772","HIV resisttance in seroconverters from Partners PrEP: Sample 2-249_SC","Human immunodeficiency virus 1","454 GS Junior","Fred Hutchinson Cancer Research Center","SRP049715","Human immunodeficiency virus 1 Targeted Locus (Loci)","SRS742919","","0.99","1","3111","1618578","3174195","AMPLICON","VIRAL RNA","RT-PCR"
"SRX757771","HIV resisttance in seroconverters from Partners PrEP: Sample 2-245_SC+1","Human immunodeficiency virus 1","454 GS Junior","Fred Hutchinson Cancer Research Center","SRP049715","Human immunodeficiency virus 1 Targeted Locus (Loci)","SRS742918","","1.23","1","4041","2039535","3174194","AMPLICON","VIRAL RNA","RT-PCR"
"SRX757770","HIV resisttance in seroconverters from Partners PrEP: Sample 2-245_SC","Human immunodeficiency virus 1","454 GS Junior","Fred Hutchinson Cancer Research Center","SRP049715","Human immunodeficiency virus 1 Targeted Locus (Loci)","SRS742917","","0.98","1","3377","1710390","3174193","AMPLICON","VIRAL RNA","RT-PCR"
"SRX757769","HIV resisttance in seroconverters from Partners PrEP: Sample 2-241_SC+1","Human immunodeficiency virus 1","454 GS Junior","Fred Hutchinson Cancer Research Center","SRP049715","Human immunodeficiency virus 1 Targeted Locus (Loci)","SRS742916","","0.64","1","2297","1157542","3174192","AMPLICON","VIRAL RNA","RT-PCR"
"SRX757768","HIV resisttance in seroconverters from Partners PrEP: Sample 2-241_SC","Human immunodeficiency virus 1","454 GS Junior","Fred Hutchinson Cancer Research Center","SRP049715","Human immunodeficiency virus 1 Targeted Locus (Loci)","SRS742915","","1.1","1","3779","1904621","3174191","AMPLICON","VIRAL RNA","RT-PCR"
"SRX757767","HIV resisttance in seroconverters from Partners PrEP: Sample 2-237_SC+1","Human immunodeficiency virus 1","454 GS Junior","Fred Hutchinson Cancer Research Center","SRP049715","Human immunodeficiency virus 1 Targeted Locus (Loci)","SRS742914","","1.05","1","3531","1759509","3174190","AMPLICON","VIRAL RNA","RT-PCR"
"SRX757766","HIV resisttance in seroconverters from Partners PrEP: Sample 2-237_SC","Human immunodeficiency virus 1","454 GS Junior","Fred Hutchinson Cancer Research Center","SRP049715","Human immunodeficiency virus 1 Targeted Locus (Loci)","SRS742913","","0.94","1","3343","1670002","3174189","AMPLICON","VIRAL RNA","RT-PCR"
"SRX757765","HIV resisttance in seroconverters from Partners PrEP: Sample 2-233_SC+1","Human immunodeficiency virus 1","454 GS Junior","Fred Hutchinson Cancer Research Center","SRP049715","Human immunodeficiency virus 1 Targeted Locus (Loci)","SRS742912","","0.75","1","2773","1403975","3174188","AMPLICON","VIRAL RNA","RT-PCR"
"SRX757764","HIV resisttance in seroconverters from Partners PrEP: Sample 2-233_SC","Human immunodeficiency virus 1","454 GS Junior","Fred Hutchinson Cancer Research Center","SRP049715","Human immunodeficiency virus 1 Targeted Locus (Loci)","SRS742911","","0.97","1","3334","1686831","3174187","AMPLICON","VIRAL RNA","RT-PCR"
"SRX757763","HIV resisttance in seroconverters from Partners PrEP: Sample 2-229_SC+1","Human immunodeficiency virus 1","454 GS Junior","Fred Hutchinson Cancer Research Center","SRP049715","Human immunodeficiency virus 1 Targeted Locus (Loci)","SRS742910","","1.01","1","3199","1612194","3174186","AMPLICON","VIRAL RNA","RT-PCR"
"SRX757762","HIV resisttance in seroconverters from Partners PrEP: Sample 2-229_SC","Human immunodeficiency virus 1","454 GS Junior","Fred Hutchinson Cancer Research Center","SRP049715","Human immunodeficiency virus 1 Targeted Locus (Loci)","SRS742909","","0.78","1","2578","1293616","3174185","AMPLICON","VIRAL RNA","RT-PCR"
"SRX757761","HIV resisttance in seroconverters from Partners PrEP: Sample 2-225_SC+1","Human immunodeficiency virus 1","454 GS Junior","Fred Hutchinson Cancer Research Center","SRP049715","Human immunodeficiency virus 1 Targeted Locus (Loci)","SRS742908","","1.15","1","3741","1871652","3174184","AMPLICON","VIRAL RNA","RT-PCR"
"SRX757760","HIV resisttance in seroconverters from Partners PrEP: Sample 2-225_SC","Human immunodeficiency virus 1","454 GS Junior","Fred Hutchinson Cancer Research Center","SRP049715","Human immunodeficiency virus 1 Targeted Locus (Loci)","SRS742907","","1.08","1","3727","1860136","3174183","AMPLICON","VIRAL RNA","RT-PCR"
"SRX757759","HIV resisttance in seroconverters from Partners PrEP: Sample 2-221_SC+1","Human immunodeficiency virus 1","454 GS Junior","Fred Hutchinson Cancer Research Center","SRP049715","Human immunodeficiency virus 1 Targeted Locus (Loci)","SRS742906","","1.28","1","4090","2064453","3174182","AMPLICON","VIRAL RNA","RT-PCR"
"SRX757758","HIV resisttance in seroconverters from Partners PrEP: Sample 2-221_SC","Human immunodeficiency virus 1","454 GS Junior","Fred Hutchinson Cancer Research Center","SRP049715","Human immunodeficiency virus 1 Targeted Locus (Loci)","SRS742905","","1.09","1","3853","1932502","3174181","AMPLICON","VIRAL RNA","RT-PCR"
"SRX757757","HIV resisttance in seroconverters from Partners PrEP: Sample 2-217_SC+1","Human immunodeficiency virus 1","454 GS Junior","Fred Hutchinson Cancer Research Center","SRP049715","Human immunodeficiency virus 1 Targeted Locus (Loci)","SRS742904","","1.18","1","3963","1931702","3174180","AMPLICON","VIRAL RNA","RT-PCR"
"SRX757756","HIV resisttance in seroconverters from Partners PrEP: Sample 2-217_SC","Human immunodeficiency virus 1","454 GS Junior","Fred Hutchinson Cancer Research Center","SRP049715","Human immunodeficiency virus 1 Targeted Locus (Loci)","SRS742903","","1.03","1","3639","1776342","3174179","AMPLICON","VIRAL RNA","RT-PCR"
"SRX757755","HIV resisttance in seroconverters from Partners PrEP: Sample 2-213_SC+1","Human immunodeficiency virus 1","454 GS Junior","Fred Hutchinson Cancer Research Center","SRP049715","Human immunodeficiency virus 1 Targeted Locus (Loci)","SRS742902","","0.77","1","2976","1457425","3174178","AMPLICON","VIRAL RNA","RT-PCR"
"SRX757754","HIV resisttance in seroconverters from Partners PrEP: Sample 2-213_SC","Human immunodeficiency virus 1","454 GS Junior","Fred Hutchinson Cancer Research Center","SRP049715","Human immunodeficiency virus 1 Targeted Locus (Loci)","SRS742901","","1","1","3644","1795838","3174177","AMPLICON","VIRAL RNA","RT-PCR"
"SRX757753","HIV resisttance in seroconverters from Partners PrEP: Sample 2-209_SC+1","Human immunodeficiency virus 1","454 GS Junior","Fred Hutchinson Cancer Research Center","SRP049715","Human immunodeficiency virus 1 Targeted Locus (Loci)","SRS742900","","1.13","1","3793","1881431","3174176","AMPLICON","VIRAL RNA","RT-PCR"
"SRX757752","HIV resisttance in seroconverters from Partners PrEP: Sample 2-209_SC","Human immunodeficiency virus 1","454 GS Junior","Fred Hutchinson Cancer Research Center","SRP049715","Human immunodeficiency virus 1 Targeted Locus (Loci)","SRS742899","","0.99","1","3547","1757151","3174175","AMPLICON","VIRAL RNA","RT-PCR"
"SRX757751","HIV resisttance in seroconverters from Partners PrEP: Sample 2-205_SC+1","Human immunodeficiency virus 1","454 GS Junior","Fred Hutchinson Cancer Research Center","SRP049715","Human immunodeficiency virus 1 Targeted Locus (Loci)","SRS742898","","0.8","1","2724","1394055","3174174","AMPLICON","VIRAL RNA","RT-PCR"
"SRX757750","HIV resisttance in seroconverters from Partners PrEP: Sample 2-205_SC","Human immunodeficiency virus 1","454 GS Junior","Fred Hutchinson Cancer Research Center","SRP049715","Human immunodeficiency virus 1 Targeted Locus (Loci)","SRS742897","","1.16","1","3766","1933678","3174173","AMPLICON","VIRAL RNA","RT-PCR"
